Model,Mean ROC-AUC
Logistic Regression,0.4894922653928905
Random Forest,0.5039782513318934
SVC,0.5089007421562523
XGBoost,0.49820231428278133
